"HolderAddress","Balance","PendingBalanceUpdate"
"0x000000000005af2ddc1a93a03e9b7014064d3b8d","1E-18","No"
"0x000000000035b5e5ad9019092c665357240f594e","1E-18","No"
"0x00000000500e2fece27a7600435d0c48d64e0c00","38.7381625547901","No"
"0x00000000a991c429ee2ec6df19d40fe0c80088b8","1E-18","No"
"0x0021c029c335d5f1a8397247ef8b9a6907038cfb","0.823710848586605","No"
"0x007933790a4f00000099e9001629d9fe7775b800","8.05E-05","No"
"0x01630fd509270f94c7c914d336153a096e157a44","1062899.55458139","No"
"0x01a92434a09cc03a2c5fa843b237c4a41ceca68e","21665938.4077229","No"
"0x043cfed3babceaf1a014a75f1e47b31bfa9cda3e","1881467.34726723","No"
"0x0444ff3610a491cf28c47c96d4645b472c923ee8","4472308.64344224","No"
"0x04efbf786f3ae444ee003d6bb19da904397e1602","0.388899264124233","No"
"0x05358c91ee5c9efc6e3423a3c485386d887cc34a","1.2680122E-11","No"
"0x05b9196ed7ebf65e07a4081ff269c68cd234f6be","24173451.8799384","No"
"0x05e21104c683912223b1c4347ffb2b32b9728f61","11058918.8938417","No"
"0x07999ec43daada09372cbb0ff11fd4ed702b1e2e","8056702.48407338","No"
"0x084144e0dded8d8b05173bc2f4bbe0994df87c52","0.223921088696543","No"
"0x0879de98aafd557d9fda725c311b14d2e969fe10","0.8005494462331","No"
"0x08a943acbfed228036ae3328a7845fe3be545b73","156069091.930854","No"
"0x09026d6d0ec237a80912a809c4f2716a2d7ab3a3","1592239.80123197","No"
"0x091d301520b60b5fd9de6d99b2b641f7de083932","4273439.15664021","No"
"0x0a6149903de93b91870288d48dc1d40b02c16945","204535960.80501","No"
"0x0ad8c83d1aab1117dfb629aac280a43476f0fa5d","856048.468851235","No"
"0x0bc58f09ab760fdaba1793d1354e65e8b873c4bf","28526974.4067192","No"
"0x0c3c9305f9926f6b8e324e74782a92cda054a5bb","6033730.6997169","No"
"0x0c6bf55f60143fa1da202ac8c9b8ce484b5a5d90","12618684.4008283","No"
"0x0d53bb4de7adcc3bf3770e06d5d8b1b028be4dd2","4707841.99826032","No"
"0x0eaf80504b28c0c84957c2955cc2d86a63e3840e","74909245.7029579","No"
"0x0ee0a3c8cf17c36d4aed06b775afeb675b78f222","19524591.0609898","No"
"0x0fffd0b17183b8383dbc26bf046b19f7f13abaec","12863519.6228485","No"
"0x100a3f316c4e04a1fec48962fc497c52f0f282fd","750567.385268229","No"
"0x1111111254eeb25477b68fb85ed929f73a960582","1E-18","No"
"0x1226d83f39f193669b0c08816c8addac592e1cfd","734821.441195423","No"
"0x140545850c56f7b5c005468518ac1276bd7f3d86","1340350.70886169","No"
"0x15079e28f20aa573bc786daaf20d8a881504eded","6883100.8039203","No"
"0x15392ab17b9e1ba9a21768f8a55a279dc6e92787","7275863.38079271","No"
"0x15abf088aa3ad2f4c95f995450b2891fbe7d0c00","0.670949396574654","No"
"0x1759e0597279713ea504981364d57001e0f702c9","4868938.98889298","No"
"0x178f316261455c17dc5e934e0ee91345bbd02489","45886808.2716006","No"
"0x1800f25d557e49cf57cb1f34b474ffb8b89952e7","6392701.94388628","No"
"0x1805b5270b581e614d364feea00645639babe73a","0.639464422145411","No"
"0x18bf24fe56b7b82429a4b646c9e72999fa4efde1","384043.300386534","No"
"0x19fcb2d9ed9101fc980a82ad4738c3477559d4e4","0.15412965014475","No"
"0x1a2014fb8abab34beb0087383f88c45205c2575f","1667450.81992488","No"
"0x1b32401213692333672f872df3fb98586117eaf8","394315.572285485","No"
"0x1be67c1553ac4d7f1a695b325df4254af2accd41","0.61120042081961","No"
"0x1c3ea7d33e95098b33e6dd0f49ece316b9b5499f","18222885.6661633","No"
"0x1d13ae00efab3fb488e2f28f0971ed3cc9a6b06f","2736692.93465824","No"
"0x1d7d50ac42f332fc9b6d61762122a41df80e2de8","4633284.98181657","No"
"0x1df5a4404f21e2832c488d034a98610b616caef7","1","No"
"0x1e7087d8709b4a61b68075d9c5d8f90da12a92df","2372496.02609648","No"
"0x2010ce9bcc395e40a6704a9f035ee69b64db2d5c","935269.543731435","No"
"0x202579dc2ae8570d374cf9a3b10523a3c96b09cc","1721384.35724167","No"
"0x20321b5fab71a84eb26c4b62c9b426099e26cacf","0.730268736935539","No"
"0x20de608929b026ef24a424ced75b828a3b56fc4d","0.46755211483047","No"
"0x210af8c924a60d70538abbd6dcf54ed0cf516cce","0.501629894308009","No"
"0x22157acfeb6cd23e9dc40772e4c793a6d3387738","542752.77363295","No"
"0x24d4fd2554156364d3062ed299649b3c8d5ec88a","16716433.60273","No"
"0x250640b16a0502538c659817d343c539e6d935e2","120100000","No"
"0x25073e4b087e79b65c836eb0b21f9a8fddd628cb","9645481.25897175","No"
"0x25548ba111d4f6cba0498ab77a6b40eacbefab52","40869842.8509043","No"
"0x26599aaa08b95ea0fdfc43c4a07e92dc0ec3f405","5538425.93415513","No"
"0x266a054a9cc990e7edea20d404c0cce7335b0684","8547139.02839642","No"
"0x26d7d7a8659d79831a79713caf8e8c22699b4241","162983263.896379","No"
"0x2735ffbab28daddada6043f7b77f3caa5e378282","2959790.65354116","No"
"0x27b54282bc592bf533e48f700829abb5d0a45b78","143431801.973053","No"
"0x27d347e37d118e28930a86c337bd95ff503fe64d","376.650053774453","No"
"0x27e01ac1229c234faaf9e08db129e23aa9cdec9d","4315562.55028165","No"
"0x282aaf3097a22194264beff53e8ae8003122b841","87857040.5783533","No"
"0x2994c1854048ab6dc4043254db9f61f4d1a4d469","2574163.19449486","No"
"0x2a7a1e1087ff76c33485479f18f579c2a21c7d42","1752657.12196553","No"
"0x2bad3779b9a236cb6b45f7367448e74c763fdeb9","17718921.6703124","No"
"0x2bc1fdd43db6a3a5027d117cb2e57a20f89cf972","401473.067162747","No"
"0x2c4cf79fea7b80e4c65e3d77501268f5e3bf11ac","37224144.6099319","No"
"0x2c7ba425f07c11fc685fc4f4b82632f9782f4930","3000000","No"
"0x2cb5c2458226c3a5a53cb5b84ee9e7806eb57f13","15603652.2879524","No"
"0x2d74d583c75dc9ecc69e7a7a79df4b3312188c2c","81754326.3358221","No"
"0x2da12910ff53b16cf55688bd1578645646bba748","3873719.15858552","No"
"0x2e24974dbdc9f29789ae10505e8a58caab1be638","782591.181453484","No"
"0x2e2cba71db91853db02ba2e2cd53e5adf050eea9","52020072.2122706","No"
"0x2f4fcabe772f002890c37f5e339f3d9ec8bd01aa","1140000","No"
"0x2f9065f083be22cc3a7bc823601c2f6ecb7f4c94","18320945.161092","No"
"0x2fa5d57251c62f825b4a7acd0c7d094b7e509484","3000000.00000016","No"
"0x303a380d383d628d867c1edb8c2433f4971b88b7","110900.235661062","No"
"0x315cacaa8b9671cad2b5b4a8f880e5891efab21f","0.750509334929957","No"
"0x318eec598da7acecbd5c3a028603dc7393e8772e","23827337.1818112","No"
"0x31ed48b5a1aee896b6f264f8b12f76b108de4d29","3260617.20878018","No"
"0x31ef882dab68318492bceae94993d56d1a34ba1f","3.45575573E-10","No"
"0x321bcb040d3ee8a944176e635a30651fae6ca389","154285","No"
"0x323633d618c5ef2e4b3a1112a2a9941092c3a8b6","0.503501089593653","No"
"0x33a3ccf89ee0b30a2bef337b47dd8896261b41f1","32754061.5554343","No"
"0x34efd26bc24ab23b9a1c8c1326b95cefb328a243","4148924.46572515","No"
"0x365661b9de6255a8ddbfaecfa8fd44f74e146c9c","6412500","No"
"0x3674c393a275e1b60097f43afaf424238b7856dc","0.600989957789767","No"
"0x36c28fcaf92133c823e526da41c1d2ea6421a290","0.915312301372197","No"
"0x374634775c5dc3f80af41168e2d4ec71abf8a6dd","147158.270131101","No"
"0x3747e04e6a7bb266a014e5d6b560288587fc0ba8","147576240","No"
"0x3880e0c6c96dee119ee8de3b84515a65b849d92d","725421.336269089","No"
"0x392b947c9714e9a92dec886ef9a93cf2ed8cfc38","2000000","No"
"0x39ed5afc1de70a5999d54208e8c3438b268912d1","60370503.762","No"
"0x3ab0e18827bdee2ebb8361ceb3ff2a240449d1e5","48000000","No"
"0x3b1da83d47bb6333d539dafb9f5e513042cbaf17","479081.337780454","No"
"0x3b6389c9b3b667871d6780cf96bbf11c5214fa66","70394656.4668681","No"
"0x3bb10ac11f458ffdc88224bc371a3825e9fd6d0d","438338.309694612","No"
"0x3ca721c592cfd799e2c818652fcbf4123c26f071","1.35352294557173","No"
"0x3cc9cf93b4d313cc44bd7336e4dbb9f8073a313a","18000000","No"
"0x3d0a26d8f6c5ca6bd1e1081d0e686203f5d6b03b","10969458.8341689","No"
"0x3e1bd188f5a299bbc12fcae26c92a3ba1ee514c4","2517500","No"
"0x402b8cb1e68f872e87d1954e2ad49552da8cea52","12550490.4509003","No"
"0x4167691c4c862084039ac5e58f70fe859465163b","9768791.21086173","No"
"0x417028300b466f5553885e4280bf4fd2873787c5","8995521.58984669","No"
"0x4176e48bd7910e84cba8900ff97719106d268b58","15260011.0520547","No"
"0x423ab0e736794616bc391ae3ae60085c5f21aa24","2594417.89654464","No"
"0x438eb6ec3490210a3e87754bb00f2abaff86d730","950612.504370176","No"
"0x43ad5273589301d1ce0d6122bed97c3d9abe75c7","2205958.20132737","No"
"0x43b60907e394f5bd11b25c2c68924d61da6cb664","4238847.86949394","No"
"0x43c1bf1a33506d2d3f023a1f354e608e7784ac46","19908751.8083269","No"
"0x445c0d3aa68a3a86a2b03eb4b23aed28d022dd33","20179225.2169488","No"
"0x450ae4c59429d49c18f5d1b5757d59e0fe9fe538","3835447.85056139","No"
"0x464c289e489c7a4d812c3982e2c1138d55ab004f","0.242143566256996","No"
"0x484ab92d8d53014c37c2afa2305fb152b8c98e93","2791795.43099639","No"
"0x48a57ebd0c8d00b10e2c71ea768dbd8f5e8e0e0d","2443665.76818227","No"
"0x48cd95afcc5abb0a7b51ebef67659535d2d484e3","3542496.06745059","No"
"0x4a12850573836260d8103134698e343e42af77a3","20000000","No"
"0x4a8a9acbe8f1848c622b6cbca3f94c9b474698fc","2771707.24761473","No"
"0x4b6a7b3c30cc5052a2448f922dd9fd755da82cc4","10000000","No"
"0x4be63768af2de185e666a354086ed3de6dd4e82e","4377004.1789511","No"
"0x4bf6341b1e6f2bd0da918b1905fdff85d5c50ba7","22250449.6057499","No"
"0x4c430fe700ebc8d72200261251169ccf75e3aaf9","3000000","No"
"0x4c5e61ae329a1c2cf46aed7d5b4d6e2c2e779ee4","451049.070862406","No"
"0x4ca5824e137536fd88591955b2b8ded30edcd3c7","8253789.85919228","No"
"0x4cb060d5d401682041d1bcde49fdf92e5e8ad62f","2500000","No"
"0x4ef55eb941c3f5937b26e6f5bc199dd66d5834a5","176400000","No"
"0x4fcff8db8ee65826f6c3b84f5d1a5ac55fd5a9ec","8894493.74833648","No"
"0x505268780e7d44bfd513eaee20e4bfc17d5066f9","25480433.3294471","No"
"0x507e4a0b2605a6700bd893fb9213b41ab3ea1514","179098644.087729","No"
"0x50b15fadb4d6fb1f888355fa2e06424730581580","1129973.83458335","No"
"0x516206c71f2cf0ddbc5230f6fe495b8dc5267769","0.544274611403332","No"
"0x52b71cfd0cade666a26e5af85ae189c1ea318abe","4560998.00409597","No"
"0x52c3af1df5d1fcab0d5d095c8d1546a6b83f2c2b","179100000","No"
"0x52cdfd0851f2dbe8714b1e6610c6632fea36c661","6151620.74528068","No"
"0x531d33e75fa3dbc49c5186b893f896f8f9e29c16","1987541.80670691","No"
"0x53222470cdcfb8081c0e3a50fd106f0d69e63f20","1E-18","No"
"0x53c8c3a6b03c274e23a2e56d5a8a505d0aa3ecce","19155674.8750199","No"
"0x5428fe20c4147dd65a1ab0dd0fbb39843633f868","3.45426163802E-07","No"
"0x5492bf43b0e71a18bcee044e22467e29e6a7ab57","4526143.40976592","No"
"0x563cc32757ec574bb3c2fab734efba0843a9867e","2350785.02019651","No"
"0x56db0e532bd34f1c5b7967d3fe325f750680009e","100856707.657668","No"
"0x577c41cc6b72c5c20322e1c3d65bcace9898bcca","213566695.506226","No"
"0x58911f40533bd4b2efd020adca1176c8c92e5c1f","253456184.721369","No"
"0x59d837bdc955a06399c3f964ebaa644ed2166013","11200165.292937","No"
"0x59f556c69be83eb005f93b20b5aba63c496b9557","5000000","No"
"0x5b3a6fb4f815661773fd71647eb0a557881745d4","1.06568719631934","No"
"0x5b882b917dad7dcb0402c83300eaabfc1cce5aa4","956985.490897796","No"
"0x5c65efbce63fa52a2ae056aadca9e9655ea388ed","0.41187630554883","No"
"0x5c7307d7dc973b3826cf26e84776846f29d87cde","52000000","No"
"0x5e047983abccd40a378973e98510eb87179d4974","2750237.92980668","No"
"0x5e60380bc2b9ac97237a680c73a0e9625fc54a87","7071862.4226998","No"
"0x5e9a2b6b6d2793f2dda40c62fd5684393ffc96d6","1441835.62347953","No"
"0x5f38fa4dc498651d7773fad59668fdf3d6604c8d","649059.343287289","No"
"0x5f5df3058e782089831f34b838cf9ea36dbf6dc3","304432.574163516","No"
"0x5fbe4f165d0e81cbe2c0e8475b935c9ad9f00e61","0.675115676565783","No"
"0x60536cbc501ea0a215329fbeb7431bf6f3f2e43a","18588005.8773694","No"
"0x608a11d36005d52b88a5189deb756fa4b048834f","9938273.20680192","No"
"0x61a8a172e807f7bf21baaff2945b1d2e32451fa8","5.2845743E-10","No"
"0x61aec5c9b24162e3491d9859dc76a20c49144155","8841332.03241333","No"
"0x6219a47a4528d1e3c9e59b701b505a7b028a0ac9","23004609.925326","No"
"0x63d18d34dfc538192ce5f83f6cac3dc9bbae3997","1014076.16051675","No"
"0x668e0d12e3df2ad698e839f77b237b3bb02115bb","154153532","No"
"0x66a08e2163938e5c02919f9c422c464c292c4e4a","6015706.67603512","No"
"0x676e431dc34cc78964bb85a17275c86116ebdbfe","160847865.559538","No"
"0x698640fa46ff59a00eb4714a9b8c4d86efd2700e","7396466.09455768","No"
"0x698ad7efd6fc48c030e8c5600e48a78dbc2f444d","6609885.64478414","No"
"0x69e58aadbc0b1d8b0397888fb05fc2835269af1d","1031033.3201945","No"
"0x6a4680a3c55bf13215aea6cf3e6b4e6208eaa024","17591466.4648659","No"
"0x6a8c5d6e744097a6f5516923bbcc2f3253ce561d","7733171.60203886","No"
"0x6b1d0f897137c040c36736ea5ce6cd28ea28c8c7","6324468.18734665","No"
"0x6b2fab4e32395ff8e4bb42131669f348955baf88","5550338.63203676","No"
"0x6c956c7e4e3984be6846b8882aa125d76f282d87","1.55927228E-10","No"
"0x6c995237a2a94eb3f845b86abc98892cd62983a8","5008827.45757629","No"
"0x6ce7211601534d98b35e38e53e6c2cc3b9b4315a","15245763.5589598","No"
"0x6e21804c175324295c513ce6a251b0c155751258","0.430968046887426","No"
"0x6eb6b71d29900fb7e0b719828352d607f2415d8d","305890.045515402","No"
"0x6f20fb3fa3932c00992a66a89d9f7ca3220f2377","10685771.1597575","No"
"0x6f3636c2076afd205523b80ea32f30d6a8bc581c","2238027.0128381","No"
"0x6f72a0e6c372fd5d7351bbc90be995f644733fab","5870545.05942515","No"
"0x6fb5266888b821624699236a9348d54c739502b4","0.688237877265625","No"
"0x702e1e6f121a9f70a91aef38763246afdabf1e20","241496.050109401","No"
"0x70fa6276271a9bede7bad9f86a96416440d90fd5","4940797.08386095","No"
"0x71165e0b7374fe99c98d9a7824f20468b8a96dcf","7.15811285E-10","No"
"0x71c38b9125e43620de3af53e1e5458a4cdcbc7c9","57761098.213611","No"
"0x72279e2284db05be687c60e4b644a25bbee88063","731318.031939559","No"
"0x722c0f36abf516639fc0fbb07ca8774a43e5d467","1492136.82527268","No"
"0x72a27fdcf86bd55f3858c3821beee35718b06d1c","19283390.037834","No"
"0x72ba20be4fdd5a8778e443e80059371e7e57436a","2444572.04882778","No"
"0x73292685ca6b3da86c0f6a0bf42f7858c7f466a0","2129201.93359076","No"
"0x74cf66a6577de2a83d00b073bfa9ec29e9a3eacc","3978112.25970492","No"
"0x76678ea01f35e662e859afebaccb79524b02ed16","6149399.8411364","No"
"0x772b2707a0e6d678105ef985dac75ef6c6eebe56","13200000","No"
"0x77f664442f96ae643c064da6957af069bc461d59","1035109.45490626","No"
"0x78c7e1ebd55ab2aa3efde68083f4752f8a22fa7c","4560012.69758246","No"
"0x79056e07917e2f0a5284153ed38bd18669304c1c","1375290.49244441","No"
"0x794b87e35a318a670b38c197e20ff6938f8c6062","33839120.5492459","No"
"0x79767123ffd1da4ce53cddf96a0f3927acbc3654","10450000","No"
"0x79acd18799f1da1800b7cf72ec589b3d06520bcc","5415873.37868338","No"
"0x7a4a1c408e38fb5279a2e1d0586d856be22e4fb2","0.0833401875174103","No"
"0x7ac712278189528886b26459576f1438a99dbfff","97849620","No"
"0x7af8f11d147fa22028a76d4a6acb6ce88625623a","19102337.707619","No"
"0x7b889de761e57bbaf3acaf4854ec896a7ee652cd","50000000","No"
"0x7bd1e3dc929fc9b2aa83411a118e827f2617ebb0","2950252.07075889","No"
"0x7bee400c9971ff8ab05cea390782822988707fe0","2000000","No"
"0x7c8ba80b36cf407f5fef7afe5294624d6be92cb7","4032339.9514611","No"
"0x7caddbd0900cf7cf13cd41ec8a9e36659195f5a4","3226128.8298508","No"
"0x7d9c5bdd55789c2b53f36fd43f3c60b05b4f7ee2","9405000.02487565","No"
"0x7da13bddbacd46045b7997856a520bf8708f819a","1E-18","No"
"0x7db1411ec334c5e4dcb9433d2e477e82a0229504","6.89858272297449","No"
"0x7dfb4dc4206af75e2478eb0b95b46189c917e3f4","3448121.71347104","No"
"0x7e260569c55d1ef18257e1295351661fe5a8f9ca","5445937.59620214","No"
"0x7e3bdc024cdd598d502b49aab9e59fafd322afbd","41049973.2975035","No"
"0x7e86c00d438d3aede93e9e50049bafb6888a5c6b","141613802.993339","No"
"0x800746715e374d9d5d832343047cdc76096765f1","1000000","No"
"0x80e50a3542f411f40490bc3e5065e8998c8d05a2","9270899.86648366","No"
"0x80fb638f58cd1c7b8a12421dd6675095ba593b20","2168314.38032556","No"
"0x8140253280e931cd828323281f87ffcf764332db","0.603002923979959","No"
"0x8160abf4764ebae5e07238521c73633ab143e3cc","0.340413817213063","No"
"0x818f74b375f044397143711fd70d77a3d0bd7cda","3180720.25633684","No"
"0x82cd184e44688dfa268ce859262c4a1cf3f5b36a","50000000","No"
"0x831bd61e37e7407f9ff0968a7145bd918a1010b1","3000000","No"
"0x838a637bfe39e8bc768c9f9a4d4594bdd0d4eabc","2387533.88412595","No"
"0x8396a60f85bba2939cd51fa6c8bc5991245741e7","5058385.21724507","No"
"0x8413f65e93d31f52706c301bcc86e0727fd7c025","100000000","No"
"0x84d99aa569d93a9ca187d83734c8c4a519c4e9b1","471751.33227453","No"
"0x852b176f5bc8b1f23abb42e45284736bc892e9e0","1E-18","No"
"0x859decb464ae8af58e75487cc9d30ecbde67c9ad","1.63953316001517","No"
"0x8718dc39956caf5078571ebd5f0804f800db9ac7","1360583.96984646","No"
"0x8769cf96d4c3a533d5e7815dd00bfba2f10d4377","10917300.4454761","No"
"0x87c8dc0c911c3a40ec207c07b3c378e8a6d0b65b","52460921.3904167","No"
"0x88505f4d9f483dca3d7f07c8981a610c64be7926","1304297.94094293","No"
"0x88dd482d9bf98ee67e3293e6bab0174991ec73c9","6587803.18780917","No"
"0x8966248e5ca83ed77ffedcb82b53ae81549e4dd7","230741.959327983","No"
"0x8a64623ceed5f53033508db3357d8afd4b22b918","0.614173082827457","No"
"0x8a8c037fb294164833fadeda5cdd75539b0475fd","5320000","No"
"0x8ac170923914633e40a80a2ae8ae2f084cee5e0a","4257274.61992295","No"
"0x8ad3d24058afda5b99c0e650ca798d76b89e58cd","5577521.36172244","No"
"0x8af4e3c670d001d30203722fb1fb014573fcb4b6","6462877.25083188","No"
"0x8b597cf936d0dcd4eb8623b20cabee66e68ae194","1190043.20541201","No"
"0x8b64dc0a36cea2c935b9ffdec2fada2bc70073f0","20300610.9806007","No"
"0x8b7ee466b4a3b3746736904ac7667e433dc8a468","3862277.50310493","No"
"0x8b85fe13f3135ddf82411b11e9bd2a4d4a61e5dd","15786418.85","No"
"0x8c194e40976f7d12f49ed697f0ca445ebdb4967d","596772.884009862","No"
"0x8c691dfe5d119f410d0e207eb4e4c5dba84d7e0a","72769.8090153642","No"
"0x8c9818d104b7858554bb537a55cea70a0af32268","0.55769603271649","No"
"0x8cc28ef70c89f8afc5d123595c968577f868428f","3476021.15689616","No"
"0x8d10b5cb3f7a9a347e738baf290e7aedc0abecf3","4362188.31637743","No"
"0x8d8d6368d62239533dbe769fc05bd193448af7ab","35100000","No"
"0x8e069075d1f423272830d19eaed1b20b62f1f1ce","2238643.0255371","No"
"0x8e12e0cdf48c719f863d50b0d6a23e4ae629ff59","864839.545281442","No"
"0x8e9557e6167c0503119c2abaea43a48971b51571","4598086.0275602","No"
"0x8ee611b59fae06e678e4e689805ba492b9017411","2000000","No"
"0x8f0a855408b5e9bcc4cb373dcb86fcceaf376d63","2024931.91796126","No"
"0x8f5c18252b863a48f84b6b1813ea5b1ef636ec8d","10450000","No"
"0x8fe420c72cd31dbbeb19bd1576d8528cf3b933e8","5486842.14184566","No"
"0x903de9a91c195ea94d8379bcad535c09f4ae94cc","684975.675930253","No"
"0x9041805e11d1cdba8ada3788a19caf0a310351f0","52971049.5191391","No"
"0x915079acc434867f4110947086a4c4b4f4590af9","1323914.17937323","No"
"0x917c94cc8c02314a371a0db2470dd0c50873cbd5","120576945.908235","No"
"0x91c65134f6c4432e9b782179219f985e3811e0e8","6E-18","No"
"0x9298f46d7ce0091ce6491472efa534edce5e96d8","1234215.8575774","No"
"0x92ad69c31f2752ce4bef16d6ea8800000759d8cc","36240540.15","No"
"0x93714b021d0a57333d93998c99c1c3394d47dc19","176400000","No"
"0x93dd44bdb5717f38d0a0e76cca9d177e047b5571","4787872.55781952","No"
"0x948e2e0fe795698e76d4c4486bebe8c054c33671","1205675.30776933","No"
"0x94af3cb1353338264ec8d00695bc7c40fd22f888","2551522.19602804","No"
"0x94bd7244a3814cf115ed2e150064bd34b841b8b9","642581.54219721","No"
"0x951871daa20224c1db540812df910f474cb21299","0.83182118898025","No"
"0x9570d39b6053700c645909350bc2324bf6b80b57","555737.472450453","No"
"0x971e294dfacf8fed43d9e79c72490933cc8a2099","108100000","No"
"0x97bb13a54f6619e6f763ff4acb893848f16f9d24","179889.694110781","No"
"0x97e4b08d2696603a563e7bc994fcc68da1abb161","3044630.9314711","No"
"0x980a885e1beae74e8480b90516b7943d7e8ae3bc","1206621.71132675","No"
"0x984a4276c9d5e2e7d48855932c38162875994859","4327352.74020311","No"
"0x9949b6e128a3ac3d43dba6fe98ef6abc7e82c375","188529.760734846","No"
"0x996862be200c5a5e5fce41ad6f88dabe16d2da2b","7409658.00200662","No"
"0x9a06d523fea656b41d9fbbdd0330126861a02998","7417408.47896647","No"
"0x9a26a2c29101750e661ce694759b6ff6b2398d6c","13005433.5069736","No"
"0x9a7c699f90be93838161bf28d996a7ae51c4b21b","18340879.8005145","No"
"0x9aad878a93522f2b7f69942268e45d06c1a914ed","0.80546978017996","No"
"0x9b29476a714888b7fc23bf885e8aa74241b23222","21086470.7050354","No"
"0x9be8ec974b0930e7cefb5d82483c6ef3908ceb85","295477.590546364","No"
"0x9c831049f391dc1856e15b3868ec4aa7cafe8d7b","4628760.81208803","No"
"0x9cb096634bd4d17e723a376dee3d26368e0c627f","0.809923163679066","No"
"0x9cb64fcd497a88b683b4f14dd6fdf4c8f4d91ac7","4202463.14158455","No"
"0x9dc3dbb62a5a05e60c278e0e0cdeaf76a20a8153","12958436.6166476","No"
"0x9e4891c41e518c3ab2cee6d9a550c23afaae4748","2537888.40923667","No"
"0x9e4a9b4334f3167bc7dd35f48f2238c73f532baf","59822651.5489193","No"
"0x9ed6eabc17163bb19e62a24d767f198e732276ba","13954033.0606787","No"
"0x9f5e4306c79ec78963407ccf405a81930ab5b95b","1425000","No"
"0x9ff343dffed31fb40e80beb429e91084e4569e29","1976727.98729936","No"
"0xa023b8240f2ab07625deee76ebd6f734a53cb208","4075114.62711761","No"
"0xa03fbc45ff82ecca042b639f2a8e2a169f4bfbf4","4978956.24614043","No"
"0xa0706b7f76cebb7a1171d19f6b460faeaaed6e00","31113708.5392131","No"
"0xa2c324ec1787e19b9933d7cb778642eb90e035d5","21050284.2023523","No"
"0xa328813626a965d4b606692bf86b4a83760436d4","10020000","No"
"0xa469827165bfd1e655a9eff0bbe35bc9bb679b4c","0.474233160292323","No"
"0xa4e075c42045b2f769c4ccfa69d753fa9d176235","596474.643838526","No"
"0xa59b9ece9262d547a13f46b8e4f74e56acab75dc","47727660.9953999","No"
"0xa6f0929c0e04eb14fb875b18081df1dc16fabfa7","1500000","No"
"0xa70f6a79ff50ac6a2df64463d2984b60e19e7fd7","513584.714039875","No"
"0xa71b5baf388788d83338204b93b0ff494360c0ba","3474421.02071237","No"
"0xa73f4de1bf741137b3aa80a4c4337f2abe84e839","31954111.6995334","No"
"0xa7937d02c104e141d580d9a8a0d92ef161fa06fe","22051479.6316728","No"
"0xa7ae6fc149570da62f8c1ad690e65ad95e4eb5d9","4498170.55660163","No"
"0xa7c77af6495345c2778924b4ee4d0a711a8f582a","227059.474336613","No"
"0xa84b9e9100d610ad4b81ba8501e5233b4187cc08","22420001.9","No"
"0xa95e34e63876d7c661c7ad8fe87854225cb6e820","867329.12374581","No"
"0xa99062eb6933a449c1c7f2ade4cc356e50a38c93","194750000","No"
"0xaba4e694a7f44dd74038e9bf2b00a3b61e2ae55c","866387.283130296","No"
"0xabacad0899206fa55f971e234a6ccf118bcfd6b3","17910504.6446499","No"
"0xabbe3f5fb5df55a3be9962962696871c67515f0f","95659380","No"
"0xabbf62df016844b38fba1d86b64fd7a2b3ed50f9","3801606.00484354","No"
"0xac0c1fc1820bf840104a8942dc9cff1ff4a44f3a","10577618.1165626","No"
"0xac52a227137f1b84dd7d5aeced4ce37c677af5e4","1485580.73778385","No"
"0xacf12e35f25b4ba66d0d5a8c5610bdc7c68a3997","0.00204751766533684","No"
"0xad45d22cdd873525d75d1ab701d4a6b0e84a56e8","21544962.6667079","No"
"0xaee562df615b13927830fff294374f58772d5462","587455.30095","No"
"0xaf12d640e5507c1f87de8c7c1005b20b998eaaec","74576.6330993271","No"
"0xaf64d797f9c2364ad614476188d5ac9443812f99","5681417.69876832","No"
"0xaf9eb7708054dafada9ae78528751a1934f38caa","121373666.633161","No"
"0xaff0b7f81164045cc04db3b6e305e43bfdf0ec2c","35533622.6510537","No"
"0xb018f7d076d4bff3734685bd02bfb594c84cfb47","765421.842597896","No"
"0xb0455a2b27e8996f4ee05c1d9ee802a8fb72dde5","16462035.1281354","No"
"0xb1266138b90f8b87b08af1761a4925f7ea2f6e12","7617465.02827584","No"
"0xb337f9021b78032125ae9beec85c65afb92a4920","10795965.4924117","No"
"0xb39b54ece50649c58cdc625107dd9881f963dd27","823042.895365132","No"
"0xb3aff2b51d939dfd4bc9844cc0c9fbb18c732685","470857.24729232","No"
"0xb600ad365bebd8df0daa264d877e6c2a24ec181c","0.262522503935113","No"
"0xb6cb600d2aa57f0a1056fd9997c66c409e45f78b","0.605294235415126","No"
"0xb8d3eae0abe8895255e6863ba655a5baccae5f78","2719778.50029811","No"
"0xbabaf36fdc964a4cd044b6b116f0de4896386fe0","3168211.77425703","No"
"0xbb0a920bfd04280676d0c5ae94c987581faf99fa","22004883.1201813","No"
"0xbba6a0dbe058784910a2aebd45266c650fa7326f","1194815.00095","No"
"0xbbcda3eb88df8d5cef6ec11fa2d4a853c6a3c434","70042306","No"
"0xbd61b1a468cfc95a5fd086486b4967f86ea511a9","5243869.29800729","No"
"0xbdbcd78ced0f4f6fe3d9366a86e57394754fd566","7087950.15661928","No"
"0xbdc1c1706c560f24777531ff7de0071e81b3654f","11431300","No"
"0xbe096ca3b641d2fd65eb78a8979c5669f65606e5","40000000","No"
"0xbe519500010b11035423a252a9aca32247230f59","3903577.15031336","No"
"0xbeb5b23597e26f9766f78781ff4554d075293397","568057.400102828","No"
"0xbf1104b821c05ad881636cd848cba0263dd0d234","4375733.88179053","No"
"0xbf5da39eac315b350f168015dc11caf8678e3305","2805718.93759087","No"
"0xc01f90766a49b131768e4059daa2ce182657f084","2171491.36405709","No"
"0xc0eaccbad3163e5c0e13790c3b8bd9b1f8a48af8","1032512.93963787","No"
"0xc3ed291143c67ff9880932948fb5e6532f7eaead","4341146.14604819","No"
"0xc405c3f0c9b8ba1997cce1fd115e716c4c79b69a","4189807.62130915","No"
"0xc4afc3ff43d014c0a821fda2bc4df657da74546f","31251854.9267587","No"
"0xc4dfce4e85a8f2ac18835937ca32aefa552f5763","30823444.4444751","No"
"0xc4e0bb2835a01094fadd2023c8e7e6c453ea8ba1","427292.136613483","No"
"0xc4e0de45d18587e57171d132ce8714523b5ce095","2280281.63617313","No"
"0xc52325f6f272c2fa85fdc4d17218f00c78548beb","3154381.07445341","No"
"0xc566995b21660fc1a489a6ba752ed3bc8a9815fb","2966067.95636553","No"
"0xc733fcf4dafb7547f3b8a2315a936bb79f95403c","6293465.08713393","No"
"0xc7eb408c44c96e8aacfadfb59a8f19ca639d55bd","1E-17","No"
"0xc84404ca32877d2533acd0eda5d9ff3adeb5f794","1809169.5497573","No"
"0xc851a497e15402aea6b852026213950c58d312ff","63657143.1123623","No"
"0xc8720923df4c395d26aa2aac0f49ac71b373af4d","1100633.13000872","No"
"0xc91f9320ea07db41998af9784c0df1b313adbc6c","150000000","No"
"0xc971bae7a16f467a877bc0e85f101073ecc8971e","2846274.01425901","No"
"0xcabaaf7ff15680b587c90f49fdda9a4104a3aa53","8800109.35059297","No"
"0xcb442633ac526f48fb47a3d5f4feb9b102a23d86","30180340.1391213","No"
"0xcba89f83bb2506b544c5b0209df1c7ae71403a12","33649585.9499255","No"
"0xcc253ddea3778232e921004e09cdea3360a73c9e","0.249771846708571","No"
"0xcc274b75eb41ad33477aa59ef20cfd1727ab330d","0.0497243835915826","No"
"0xcc324896bdc37985de7e9f6f9a21a1fcc4a2e011","2522590.39531839","No"
"0xcc39a6f62cf733c951cdf7babaf41d3cd6387086","0.112733106604901","No"
"0xcc465911bba47ab9783ee6cb34ba6f0194691b60","16035923.8159137","No"
"0xccfabc006f44547c48d32d611478f9f121bf156c","2262726.30665015","No"
"0xcd1b57fbaa5fa9f1f2b4d84d06452899050037e5","59482310.3062754","No"
"0xcd4611ca9e605b755798712cb30ba25c2facbea4","400576.838330564","No"
"0xcdc24e17d64536e2123836a33db0ca6746749269","778301.498193489","No"
"0xcdc33cc0b1c7faf17f9003fbc9104971aa3b6b62","258347.068645449","No"
"0xcdc7de58ffdae98f096381aaf25002ed16607676","74052812.3676647","No"
"0xce060c1339a25075c705220fff3054ea9497faa8","3000000","No"
"0xce2bcb6cbe3f47cece66e85be3103bbb3e3f429d","742905.922680795","No"
"0xceb25a7657418404a8e494b8f08e669f68273ac7","26309752.6696979","No"
"0xceb5827680582d972c283db49bd1667a85deb174","50313199.2234187","No"
"0xcfc4dee0bcdf1fa7fd876295aacd1a1c03dba7a6","8481465.18967312","No"
"0xd000aa04eb9121fb8a7831c713169725b1c2639e","9619395.96566213","No"
"0xd042a006a0bec02f0c780d5e9749644a736f963c","20514400","No"
"0xd159101d20c47cf6d7a258e373b1e04efbcf075f","2293553.99207735","No"
"0xd2a6ae52e66129aef16d443eb4f4097c13cc7fbc","29410303.3978147","No"
"0xd3247f1616a755fbbaafe6fb62af266edcab6e5a","100016887.881611","No"
"0xd3cb046950240f117ba14b2f9f634e89e3c3d9a3","0.629629661183149","No"
"0xd47d50db4fd7ec3b3ff3f04b9616a1ade8096bb8","3874017.26975919","No"
"0xd497a9b76351a7e1c5f200fc41070d4839defdbb","48962866.5768118","No"
"0xd50c57242d27df5cfcbe4ee941a43ab839c62266","35425220.8808693","No"
"0xd51ecc14d3a13b0daf1d8cfaf69f24ff2f771714","27265954.9879794","No"
"0xd527bfd410821bc22b4a1f78b9e2b9f1d59c1825","3356298.9969711","No"
"0xd5dbf66480844b7aab2b09030aebc6cecf33e5b2","6500000","No"
"0xd5eb67335fabb0c5dc9f4ca0d7ed65ce3188c805","192305806.690685","No"
"0xd676d08c6233e74269051e3a028dfb6adc938182","5450065.40979518","No"
"0xd6b394bcdb48b995ccccf5899591f6b862132476","2203313.45393217","No"
"0xd6eb3dc788776b2b7cb61e3991776e175b25bab8","21217575.9955358","No"
"0xd6f62d5a31e0d8a6c62e4ca90a403cdc69c0660b","171812729.664824","No"
"0xd78d082f8466d47395f7f63fb82c0ad59735ffc0","1.24213568558786","No"
"0xd7fac8d8b08bc47f0abb04c247a3f5168c63eceb","9594998.53482766","No"
"0xd874b73a49787a43d817bf942c0c8b5052b2ae0a","1057574.37571518","No"
"0xd8c76d9050fe008d435aa08d37ddd1dc343e0fb7","9048769.26502175","No"
"0xd8f4630ab324628f97157f90057171b20d0abdd0","4029382.35691251","No"
"0xd90c426cc4ef8d898bdd189bed6eecb41ad78d8a","20746723.7716563","No"
"0xd9f49f286a121006445ffbaf4a820cb21d6bf4f8","103200000","No"
"0xd9fe2fbff5485279d8b117925f4e2b90b0afa3b5","410193.03896706","No"
"0xda2cf71943c0fc45f6f68abca49346fcc0e9ae3f","3055085.81388309","No"
"0xda4e032efe5102c7dbdaf066cef668f21052adad","9678747.27865967","No"
"0xda66662bfd09cef48dd949516d7400463b0715e3","578622.331613743","No"
"0xdaa4ab54b8ac3cb02ed91cb74ca1238676090f79","13062468.3867287","No"
"0xdae1abe027f4cd1d8c6201572f8696799153db64","93965036.1309754","No"
"0xdbc61967c9515cb0349600c2f614fa135b6a17ec","68421761.7906963","No"
"0xdbe7db333afc08d2b1fcba4947b1d647916f2f08","154747471.41777","No"
"0xdce219469527b5dd722534ed5c53db41d4e68d79","3340548.02650902","No"
"0xdcea1eb11596a6b61d596df6c2ab0b1bbc98a9d4","3012425.38557535","No"
"0xdcf2ca6368d393b97a3e3ba4f2a6293eef1972f3","1141109.8871092","No"
"0xddc9731b345e18e0ab7e3fb8315bd1465811d331","18434962.5581011","No"
"0xddd2d4cf879d5d20bfc2ab14d3dc8d1aacec11b8","13542898.8732456","No"
"0xde17753588e0e04f2556b24dec9fca625957ee87","1552394.52629738","No"
"0xdeda27112fe87e8ea5d209ee2cf8f276fa6f6164","9892882.89957696","No"
"0xdf29089c61757a980e94e6fd8592ccd9eced4607","893582.58399603","No"
"0xdf2c1eaf5509da363980a88d828a3943a4307e8d","2990356.0469327","No"
"0xdf67f8c7a22b30a4e3f8165dead3c4866759ea25","988794.081635184","No"
"0xdfe55d33d58a9b72cb827a115618e461ecca8cf9","837586.56521337","No"
"0xdfff59d387450a2ca267d727ed3b87a79b91ab0a","13538861.582304","No"
"0xe061f99c32f7dab1f918e432bc67955d36d28767","2060000","No"
"0xe066cc5b825b6ed4e719ca6eb9357d475d0ef5b0","871267.463167658","No"
"0xe2296fc4ce0c9fadbcd80e698f3735bb95de435b","51792966.2089976","No"
"0xe27f661ff53326f65cd6f89e5e789f3731e4001c","0.383296202170483","No"
"0xe2890757c3ffff600d36710a500a7b2cf04757c8","0.548708097586075","No"
"0xe2c976361cb18a42902450c0809e36917695bfb5","0.763606681710818","No"
"0xe320367475357011dc8e16eb5b7fd8c91cff73cf","14789184.7737855","No"
"0xe3268631b378b5707d2e28f45239edd1cadaa262","8369992.19453758","No"
"0xe3a89c96f6f0faf69bf4ca7dbed677ee6da97273","682257674.500681","No"
"0xe4cf472883103a518e02d63bcf0a79889f801424","1E-17","No"
"0xe4d31f6465dd63300922736796b3e414a7da9520","6830465.33522185","No"
"0xe4f6f4fa781f5a8e16743c52d9ac9bb119802b91","71024767.4811092","No"
"0xe5c47645c7ce98a967863e6943eaa4c919b91f03","1550076.68874294","No"
"0xe5e3fdcb0670e252f9e0da9e670ce5c58b6b9abb","5498354.70188339","No"
"0xe6b67036b1a14ff7126717aa4fd0afc6bee4d797","2670661.33337168","No"
"0xe7ef24aa6dea79767eac7608662ddd8f19b93066","0.578674716389042","No"
"0xe85b8ee2bf2816ea70a6f08a79c231cd6e827a79","333655.730868093","No"
"0xe8c060f8052e07423f71d445277c61ac5138a2e5","1E-18","No"
"0xe94dfe961f59a08fd8b1e3f9dabff95b00fb7c0e","0.464642124126913","No"
"0xeab72cedd5d723b0d23fc3ef6d61d163dc298c84","884026.275824769","No"
"0xeb8105502ba4e30701e1465da8a5be1e43f1e1a9","7535774.12860232","No"
"0xebcc2a813f1e93ce5a8716ffe8cb70dc903c8aa2","4627643.81418806","No"
"0xec641c2181b6a3b9f202645eb56adc652f4563bd","110051002.350697","No"
"0xed0ba00ca0f03590cb7daec6fd133b5c25ef68cc","2966971.53252173","No"
"0xed7dcd40fcccaedbcd1944da2ac10a058083c0e4","67097.3273529887","No"
"0xeda10bb85229d60ce2145cdb96fcd4b31b3dd2da","8107497.95420083","No"
"0xedb0afae088fe2a90fabba7be3febbf902c83998","10839988.5806019","No"
"0xedc776609c32f6c82d62732c98378531c3ad26e0","4018430.14867746","No"
"0xedd0e4018b807e8eb1670101572754155ad141e5","171401.173022129","No"
"0xeebc163d97bfc57d5ff73650166e7e78b40175af","5988531.00753679","No"
"0xef0468a8dfbf8364a79a97832cedbe79b90f3b3b","2632169.81627238","No"
"0xef53cc5f8ca95edd3bfa071cee52f14bd6203ff9","0.448944339149631","No"
"0xef7e70f08ec52f7d5c1da613eacfa428fa816a4c","98564552.0743568","No"
"0xef9d5d44ec70a4daabef90a791ec9aaff4bde688","89999511","No"
"0xefad689d5c75d5a911439c38fbc77c6f13993804","13497292.3959542","No"
"0xefcf15fd9e7277bc2a499a3035b568cbb9cc05ca","0.218420620020734","No"
"0xefd3cdb58f7ead1138acf230483d2425b227de60","51886399.6140015","No"
"0xefe7ab88a98105bf57d3e767872b0fbc14641744","0.641572232123715","No"
"0xf07cea1816fceb75180c2d16fb1aaee8e35554fe","2795576.0858988","No"
"0xf1c816f46d47869c63eb952b248024096e7ed6a1","13651208.7799651","No"
"0xf21f1da5875e83b11db7f025a93360f46b1c53bf","2100000","No"
"0xf2c15c8b380ac6b0e0d234727d3809a81daf21ee","2965583.32006566","No"
"0xf30984448daec5e96c568b1b7956162947cca141","57131987.9864077","No"
"0xf39ed790eca7bbe077da785b9f6520ce4cc60e2e","6137241.05138225","No"
"0xf463fa4560e322dd552bb50e5aa4640f4568ed97","13025555.45","No"
"0xf5885b66342e12ffcbf6bbef1af5b5b1de9798fa","30000000","No"
"0xf6f98f2f7b490c280ea7ddf4682db1d1ffd83e38","1114720.79727132","No"
"0xf73a80c487fa1e0841d5626177d6992509d2ccd6","7261166.35","No"
"0xf83e588816d6f3bfaf23c8be140631425c992745","1159215.59022745","No"
"0xf8823ac16fc0acb2d97ba50953cc54d037acd5ef","15374627.0260604","No"
"0xf88487dac9e937c2ac804d8b1ebc7b2fcf8c25b5","1005722.48217376","No"
"0xf8f30ae8fadb6682765434b050129837df5cc874","708443.19217334","No"
"0xf925b82f9f5614def871c74f468203d8101321c3","5956172.21091046","No"
"0xf946d74e7dfb0630485b17aeb5a1c510bc16c29c","14925414.7355465","No"
"0xfacd25f656504bd024657582503066c1387433c8","2837699.90286928","No"
"0xfcc409ff72dc508f10c8e66ff8c97bdf53ed4308","1425000","No"
"0xfed7a2147852f4a5253ba4ec5690f51ff2f682d7","2592728.87845111","No"
"0xfeddab626e0b19c7c2f361cc6a123b6a6eed52f3","1586391.19489376","No"
"0xfee805e7d59ba47bccdd65ccb0e36ac1d08883ed","4680647.99059266","No"
"0xff31326551317fe95f009f3c714b4978c345d4ae","228505333.160224","No"
"0xff544e24d956c00ed266770b9a89e9fb3d84b63d","11176217.6150563","No"
"0xffbad303b2b04b09344714df1b7b895088ad032e","2129932.88017811","No"
