Wallet,Balance
0xcd71225774a8233dcb39873c40801633fc0a57d2, 0.40202312949816077
0x0fcf928aab22844234bdd372bbb39768183fd510, 0.1736945712958251
0xaa4688f4de4c089c3c57d805f4d3af41a0a2b867, 0.6567754628105238
0xb86a4b57eae429269f6bcf8b1081994bc2387e1a, 0.19037252620344455
0xe2dcbf39dc468edd257fe09aa3b1e46f15222039, 2.3842821830756553
0x87f36d0dff6751e417e8057da412be1f802da1ac, 0.8860091185118069
0xaf940fa1611ec336572007106a622b5e576ed728, 2.2670617482052573
0x1d53229ceeca81825c3b047ce53d3dfa1c4ac6ec, 0.16767584041240013
0xff670cc613200df545598f5fa41a97b62d25f21f, 0.024093544990998306
0x6b74a9f951e3d10a4fa9998ba485e5d6ffb93f0d, 1.6580028690448734
0x93d9c3679b40732b2660136a5547d4d44437e627, 5.268872641401575
0x8873fecba07135a4ce06f9d48a9c89f33ab883f4, 2.5314995717580464
0x9834d13b34d91a68ec912b58c0f84c1745cd42cf, 6.34430705665936
0x59715f7290ab1a6ef3a96db88d2c4e77e6e33260, 9.7370277816e-05
0x2874d986449f81ae61966e189c072a919e3ed94f, 1.1174025067946458
0xff3c0896804636e32dac3c3f3080b50858fdf3a3, 0.11471976530563578
0x3f2b43222ee8ba9fa90fe013a86a71367e20bfbe, 0.13789178450228998
0x7234a9103aedabd05aa4e9e0c165fa85d6d4e375, 2.1849663549502996
0x98355f02ce847a286e9dd2271b98896ab17d8201, 2.1827082238728033
0x9290bc0efd3027eff949ddde3eaadf7604eed268, 0.32203351777900935
0x9973af61dabcc7ced6095ecf4bffc0f0a2aeeed4, 2.499501316254069
0x336950897d07fd083dde9580587120523fb249c4, 1.1244292552790525
0x58e3e63b5d568ce6c32ea3f0acd0f77c7bb92fdc, 0.000135690706969748
0xe6ce99693897bee4a22d9192fe3b0ab34ae7ae31, 0.19523948899087565
0x94feec1da84af99993466e603436d439eb91297e, 0.143231996300755
0xb8e28091448e797d81cee653b0259f28064074ea, 0.03949749325965154
0xac4ebba7faaea839567d256cdeada9413ab4f479, 0.16275633669310374
0xfb822b259ff9daa029c669937e471341e89b0dc0, 0.1421111436800558
0x82282071424d3c1eaf2f0a3630fa396862a2eba5, 2.297784501176474
0x65da1f1a919051d2e1261d5623195704c62feb92, 0.23492647750873036
0xf5fe65bcd6f63a9395f83cff7782433e7c520049, 1.7656746073625915
0x732a7ab2588512cb3345927669c359c95bd9b815, 0.3088523958385657
0x83fd7ec197e474ae1e1c24d1e50b9962d59c09b1, 2.1442691065066493
0xb32f47299c268bfcd610d84d26c7a5c64bb36e4f, 3.0782524233393875
0x71d40e5a88d9f11f3cfe0a96ab4e733e174abe9d, 0.17796045538344893
0x7968b2118164d7575a2f244ce8f4d1853a22d589, 0.8451623317012043
0x177ee923f053000ff39929a9b9cbf6cc67cb51e8, 0.2975977519332673
0x4d1f2fa9d6e0b26cc1b427f9588e975ea4c9cc63, 0.04846386891456448
0x69f74ad1bb41ee5a9bf6f70201d6c026d7853e46, 0.3763107665074059
0x0ea846805e44378f4474aa91c1168fcb9ad93324, 0.7106148749367516
0x3c62e21e50966ee7ed0bbb7a5334546f97e49d81, 0.18159858233264087
0x7bc56f56df36a7657951f134f6176f5641562fb3, 0.11450702028126528
0xaadbeda3c4b14211c8315bd3270c91444080fa00, 0.4052776218011149
0x9f394569a5d2af700a5e6eaefa067373d1b12c3c, 1.2390449827650276
0x011a52f7bdf58de6407f09a9757a572bdf083051, 1.392214647062956
0x39ada6995cd989c15024053b0ce14c8bd9627a84, 2.853488015026484
0xe06e7273b46f145a06ddc4e2d333d4cca9314e71, 0.4763540256516481
0x6d181104b2c13d0c33736eb256711348a71bc426, 0.9374218515745828
0xcba3f13e2aa117cf5aa5698d60241cd761919870, 0.4217114860815489
0x5704e6d1d97a6957026b5c89ce404feefe1aad50, 0.08237980916543323
0xf89f0ff650bf2ba827020bd1bcc57baa72bf99e9, 0.11449517092492299
0xb61a724d187103cfdd25458c5b16620230f92198, 0.296947940196414
0x1af093b96a5e085f25d98cf74eb91418bf42bd6a, 0.30721080126616584
0xbb51a421468b2c3b0cb71d4d53cecc18efeaa02b, 0.30979440761143767
0xe11755d0baf1734609657d3f0056793f79d6b6d7, 0.11420140395663932
0xef5af58a99423fb183476abcb62a341c6833a163, 0.3399685812667565
0x7718e92101d48854649c3da115ec70de51871501, 0.5182351707835662
0x7d688d55ed46805da80fdc2026a81b13982915d0, 0.23809381028196677
0x0b87cebeac4bcb7aafe19a13cbc6a180d53ed451, 1.1906588552246888
0x0db231825aedf5f5e443e1b3d45c24ec0e96cdeb, 1.1380938520241746
0x71a1718cf9aa881511bba3321ef25382d92fc64e, 9.170759362184038
0x2cbfbd67dfa3c7ec5a60c631f00531171ca088e1, 0.7517500836360774
0x30f8a0b82bd5fb32d3dae5df6d392316ac7766e1, 0.17109778201502832
0x8712b7ba8ce98e6b3ace9de7d4f947cfda329a0e, 0.03421795494001295
0xd7d2c030aec3d0b31e8f38eac25fbb9fa2b718ba, 0.3817342655304978
0xacdca95d6db2399fa9a56c0b82beb0e40066ff3e, 0.3750311976219328
0x53b4868e784e8afedbb920c511be666af28f2d46, 0.04514596003080509
0x2a87c582e606f0ca9fca36864eab6c73f4e8a6d2, 1.287115412228119
0x8e52bd6feacea7cdd32816d9ae906f58983f69a6, 0.42566745967581476
0x269fbf058682d878e733866cdbb15ab510cf4c1a, 2.3947308790373203
